spotify_track_uri,ts,platform,ms_played,track_name,artist_name,album_name,reason_start,reason_end,shuffle,skipped
2J3n32GeLmMjwuAzyhcSNe,2013-07-08 02:44:34,web player,3185,"Say It, Just Say It",The Mowgli's,Waiting For The Dawn,autoplay,clickrow,FALSE,FALSE
1oHxIPqJyvAYHy0PVrDU98,2013-07-08 02:45:37,web player,61865,Drinking from the Bottle (feat. Tinie Tempah),Calvin Harris,18 Months,clickrow,clickrow,FALSE,FALSE
487OPlneJNni3NWC8SYqhW,2013-07-08 02:50:24,web player,285386,Born To Die,Lana Del Rey,Born To Die - The Paradise Edition,clickrow,unknown,FALSE,FALSE
5IyblF777jLZj1vGHG2UD3,2013-07-08 02:52:40,web player,134022,Off To The Races,Lana Del Rey,Born To Die - The Paradise Edition,trackdone,clickrow,FALSE,FALSE
0GgAAB0ZMllFhbNc3mAodO,2013-07-08 03:17:52,web player,0,Half Mast,Empire Of The Sun,Walking On A Dream,clickrow,nextbtn,FALSE,FALSE
50VNvhzyaSplJCKWchN7a8,2013-07-08 03:17:52,web player,63485,Impossible,James Arthur,Impossible,clickrow,clickrow,FALSE,FALSE
1I4EczxGBcPR3J3KeyqFJP,2013-07-08 03:17:56,web player,0,We Own The Sky,M83,Saturdays = Youth,nextbtn,nextbtn,FALSE,FALSE
5arVt2Wg0zbiWwAOZef2Nl,2013-07-08 03:17:56,web player,1268,Higher Ground - Remastered 2003,Red Hot Chili Peppers,Mother's Milk,nextbtn,nextbtn,FALSE,FALSE
1ixtaZc0Adil3yD1ItPqSl,2013-07-08 03:17:58,web player,0,Happy Up Here,Röyksopp,Happy Up Here,nextbtn,nextbtn,FALSE,FALSE
2v5mpowLQNFN7NC46l0bJS,2013-07-08 03:19:11,web player,0,Phantom,Justice,Phantom,nextbtn,clickrow,FALSE,FALSE
07hII2Rc29q4F2nTE3P1od,2013-07-08 03:20:20,web player,67587,Sun - Gildas Kitsunй Club Night Short Remix,Two Door Cinema Club,The Kitsuné Special Edition #3 (Kitsuné Maison 14: The Absinthe Edition + Gildas Kitsuné Club Night Mix #3),clickrow,clickrow,FALSE,FALSE
4kO7mrAPfqIrsKwUOK5BFx,2013-07-08 03:20:36,web player,12846,Midnight City,M83,"Hurry Up, We're Dreaming",clickrow,clickrow,FALSE,FALSE
4oTIuUmpE2xdXrpon9lgfJ,2013-07-08 03:21:13,web player,36132,Heaven,Emeli Sandé,Our Version Of Events,clickrow,clickrow,FALSE,FALSE
49h0RYK3yzWkfbVyNJjJ01,2013-07-08 03:22:51,web player,95817,Do I Wanna Know?,Arctic Monkeys,Do I Wanna Know?,clickrow,clickrow,FALSE,FALSE
4iG2gAwKXsOcijVaVXzRPW,2013-07-08 03:22:54,web player,1763,Time to Pretend,MGMT,Oracular Spectacular,clickrow,nextbtn,FALSE,FALSE
19K3lUMJmOdeuOBTrbLm19,2013-07-08 03:33:38,web player,45712,Weekend Wars,MGMT,Oracular Spectacular,nextbtn,nextbtn,FALSE,FALSE
5nv854ey1k43KaZ0kHmE4Z,2013-07-08 03:37:30,web player,228021,The Youth,MGMT,Oracular Spectacular,nextbtn,unknown,FALSE,FALSE
3FtYbEfBqAlGO46NUDQSAt,2013-07-08 03:41:21,web player,229589,Electric Feel,MGMT,Oracular Spectacular,trackdone,trackdone,FALSE,FALSE
1jJci4qxiYcOHhQR247rEU,2013-07-08 03:41:30,web player,7332,Kids,MGMT,Oracular Spectacular,trackdone,clickrow,FALSE,FALSE
4Sfa7hdVkqlM8UW5LsSY3F,2013-07-08 03:45:10,web player,217935,Take a Walk,Passion Pit,Gossamer,clickrow,clickrow,FALSE,FALSE
1VMdwVq0yaTc4DeqSCi7DO,2013-07-08 03:46:29,web player,76303,White,Frank Ocean,channel ORANGE,clickrow,unknown,FALSE,FALSE
0msrDPXxZpts4FRnoX0bFr,2013-07-08 03:51:36,web player,10579,Monks,Frank Ocean,channel ORANGE,trackdone,clickrow,FALSE,FALSE
2GAljG6WxV0XU7N88TWhb1,2013-07-08 03:55:57,web player,0,Paper Doll,John Mayer,Paper Doll,clickrow,unknown,FALSE,FALSE
1oALUPFv6xZzEidRC42BZP,2013-07-08 03:57:20,web player,81893,7th Street,John Mayer,7th Street,trackdone,trackdone,FALSE,FALSE
3qvGzm7QyMW3TvWpl3sZaq,2013-07-08 03:59:15,web player,0,"Baby, You've Got the Nonsense",John Mayer,7th Street,trackdone,trackdone,FALSE,FALSE
3kQ7gRMR7bPf9M3enRGyyY,2013-07-08 04:03:17,web player,238837,Gravity - Radio Edit,John Mayer,Gravity,trackdone,trackdone,FALSE,FALSE
6wZI4mdT8JwXgkGURnBQiq,2013-07-08 04:07:10,web player,230216,Say,John Mayer,Say,trackdone,trackdone,FALSE,FALSE
0BIajZZW6jUlVqoNwmzZ2J,2013-07-08 04:10:34,web player,0,Waiting On the World to Change,John Mayer,Waiting On The World To Change,trackdone,trackdone,FALSE,FALSE
1ZF0NnzQhfR9hEdsUsuZfz,2013-07-08 04:13:23,web player,165694,I'm Gonna Find Another You - Acoustic,John Mayer,Waiting On The World To Change,trackdone,trackdone,FALSE,FALSE
6J3PYJ5mpscGmSFF6ANYDQ,2013-07-08 04:17:23,web player,237896,Daughters,John Mayer,Daughters,trackdone,trackdone,FALSE,FALSE
4rW2rUs32yZreYjvKgS1KK,2013-07-08 04:18:44,web player,78943,Daughters - Electric Guitar Mix,John Mayer,Daughters,trackdone,clickrow,FALSE,FALSE
4LloVtxNZpeh7q7xdi1DQc,2013-07-08 04:18:48,web player,2301,"Free Fallin' - Live at the Nokia Theatre, Los Angeles, CA - December 2007",John Mayer,Where the Light Is: John Mayer Live In Los Angeles,clickrow,clickrow,FALSE,FALSE
2GAljG6WxV0XU7N88TWhb1,2013-07-08 04:23:08,web player,257591,Paper Doll,John Mayer,Paper Doll,clickrow,unknown,FALSE,FALSE
4gs07VlJST4bdxGbBsXVue,2013-07-08 04:27:39,web player,269661,Heartbreak Warfare,John Mayer,Battle Studies,trackdone,trackdone,FALSE,FALSE
7hR5toSPEgwFZ78jfHdANM,2013-07-08 04:31:53,web player,250368,Half of My Heart,John Mayer,Battle Studies,trackdone,trackdone,FALSE,FALSE
3RgR3cFZ6xh7MlB9DURK6e,2013-07-08 04:35:44,web player,228126,Shadow Days,John Mayer,Born and Raised,trackdone,trackdone,FALSE,FALSE
0CETmgFGt8Ne8vLnaLcduU,2013-07-08 04:39:57,web player,250069,Queen of California,John Mayer,Born and Raised,trackdone,trackdone,FALSE,FALSE
7vFv0yFGMJW3qVXbAd9BK9,2013-07-08 04:44:08,web player,249651,Your Body Is a Wonderland,John Mayer,Room For Squares,trackdone,trackdone,FALSE,FALSE
0EUSbTvyZfo9QOcxunL9Ro,2013-07-08 04:49:59,web player,345625,"In Your Atmosphere - Live at the Nokia Theatre, Los Angeles, CA - December 2007",John Mayer,Where the Light Is: John Mayer Live In Los Angeles,trackdone,trackdone,FALSE,FALSE
1aiDlPLPljMFUylWjMZras,2013-07-08 04:50:09,web player,8308,Something Like Olivia,John Mayer,Born and Raised,trackdone,nextbtn,FALSE,FALSE
4LloVtxNZpeh7q7xdi1DQc,2013-07-08 04:50:09,web player,0,"Free Fallin' - Live at the Nokia Theatre, Los Angeles, CA - December 2007",John Mayer,Where the Light Is: John Mayer Live In Los Angeles,nextbtn,nextbtn,FALSE,FALSE
0HLWvLKQWpFdPhgk6ym58n,2013-07-08 04:50:13,web player,1375,Who Says,John Mayer,Battle Studies,nextbtn,clickrow,FALSE,FALSE
5pfVOeJXjiW36GgH7WnjlE,2013-07-08 04:51:11,web player,56644,For My Lover,Tracy Chapman,"Fast Folk Musical Magazine (Vol. 3, No. 4) Boston One",clickrow,clickrow,FALSE,FALSE
2nMeu6UenVvwUktBCpLMK9,2013-07-08 04:55:09,web player,236042,Young And Beautiful,Lana Del Rey,Young And Beautiful,clickrow,unknown,FALSE,FALSE
2nMeu6UenVvwUktBCpLMK9,2013-07-08 04:59:07,web player,236042,Young And Beautiful,Lana Del Rey,Young And Beautiful,trackdone,trackdone,FALSE,FALSE
2nMeu6UenVvwUktBCpLMK9,2013-07-08 05:02:22,web player,192559,Young And Beautiful,Lana Del Rey,Young And Beautiful,trackdone,clickrow,FALSE,FALSE
6nek1Nin9q48AVZcWs9e9D,2013-07-08 05:02:23,web player,320,Paradise,Coldplay,Mylo Xyloto,clickrow,nextbtn,FALSE,FALSE
4HXOBjwv2RnLpGG4xWOO6N,2013-07-08 05:02:25,web player,0,Princess of China,Coldplay,Mylo Xyloto,nextbtn,nextbtn,FALSE,FALSE
7LVHVU3tWfcxj5aiPFEW4Q,2013-07-08 05:02:27,web player,0,Fix You,Coldplay,X&Y,nextbtn,nextbtn,FALSE,FALSE
3AJwUDP919kvQ9QcozQPxg,2013-07-08 05:02:28,web player,0,Yellow,Coldplay,Parachutes,nextbtn,nextbtn,FALSE,FALSE
0BCPKOYdS2jbQ8iyB56Zns,2013-07-08 05:02:31,web player,1295,Clocks,Coldplay,A Rush of Blood to the Head,nextbtn,nextbtn,FALSE,FALSE
1yqMgZNrevsWMLWfO2PRp5,2013-07-08 05:02:32,web player,0,Charlie Brown,Coldplay,Mylo Xyloto,nextbtn,backbtn,FALSE,FALSE
0BCPKOYdS2jbQ8iyB56Zns,2013-07-08 05:02:35,web player,861,Clocks,Coldplay,A Rush of Blood to the Head,backbtn,clickrow,FALSE,FALSE
6ZygaqgtPkiahkiYJhYWhn,2013-07-08 05:04:16,web player,99186,Seaside,The Kooks,Inside In / Inside Out,clickrow,unknown,FALSE,FALSE
3aABdPd96JkyvI9ZmHPLIZ,2013-07-08 05:08:48,web player,158275,See The World,The Kooks,Inside In / Inside Out,trackdone,trackdone,FALSE,FALSE
1LM6kwIYSY6864gf0tstlr,2013-07-08 05:11:05,web player,133197,Sofa Song,The Kooks,Inside In / Inside Out,trackdone,trackdone,FALSE,FALSE
4Dw0DUMMSGVQdeIpAfHJ60,2013-07-08 05:13:21,web player,0,Eddie's Gun,The Kooks,Inside In / Inside Out,trackdone,trackdone,FALSE,FALSE
2Uf9WTBWMA8S9Lh3k3Rui6,2013-07-08 05:16:53,web player,208901,Ooh La,The Kooks,Inside In / Inside Out,trackdone,trackdone,FALSE,FALSE
3fRVgnVO9c973OIoWwN3V2,2013-07-08 05:19:31,web player,0,You Don't Love Me,The Kooks,Inside In / Inside Out,trackdone,trackdone,FALSE,FALSE
5xoUgPXbMNUmoHU0Enwtwq,2013-07-08 05:22:23,web player,169246,She Moves In Her Own Way,The Kooks,Inside In / Inside Out,trackdone,trackdone,FALSE,FALSE
12neqgXbe73JFQUhv9fgjO,2013-07-08 05:25:37,web player,189578,Matchbox,The Kooks,Inside In / Inside Out,trackdone,trackdone,FALSE,FALSE
7BHPGtpuuWWsvE7cCaMuEU,2013-07-08 05:29:04,web player,0,Naive,The Kooks,Inside In / Inside Out,trackdone,trackdone,FALSE,FALSE
0UDFYzrb5copPflRuheuPJ,2013-07-08 05:37:56,web player,196552,I Want You,The Kooks,Inside In / Inside Out,trackdone,reload,FALSE,FALSE
0UDFYzrb5copPflRuheuPJ,2013-07-08 05:38:38,web player,0,I Want You,The Kooks,Inside In / Inside Out,clickrow,clickrow,FALSE,FALSE
2GAljG6WxV0XU7N88TWhb1,2013-07-08 05:47:24,web player,257591,Paper Doll,John Mayer,Paper Doll,clickrow,unknown,FALSE,FALSE
4gs07VlJST4bdxGbBsXVue,2013-07-09 00:42:07,web player,20825,Heartbreak Warfare,John Mayer,Battle Studies,trackdone,reload,FALSE,FALSE
0Hl7Z3TIEgY0JSbQNDM4ZA,2013-07-09 00:46:26,web player,191430,America,Imagine Dragons,Night Visions,clickrow,clickrow,FALSE,FALSE
4DJLcyfnyEGlUejAEAX4az,2013-07-09 00:50:11,web player,222536,1983,Neon Trees,Habits,clickrow,unknown,FALSE,FALSE
1RX6K9yQuBugl1sgU5oIUO,2013-07-09 00:50:13,web player,279,Girls And Boys In School,Neon Trees,Habits,trackdone,clickrow,FALSE,FALSE
7wMq5n8mYSKlQIGECKUgTX,2013-07-09 00:50:24,web player,863,Hall of Fame (feat. will.i.am),The Script,#3 Deluxe Version,clickrow,clickrow,FALSE,FALSE
6QiBNpMK7xlZFnnoEdIPCr,2013-07-09 00:52:52,web player,143150,Millionaires,The Script,#3 Deluxe Version,clickrow,clickrow,FALSE,FALSE
4Sfa7hdVkqlM8UW5LsSY3F,2013-07-09 00:53:00,web player,6940,Take a Walk,Passion Pit,Gossamer,clickrow,clickrow,FALSE,FALSE
49Nm3tdtTOZ0nwGDGcqK5w,2013-07-09 00:53:03,web player,1396,I Still Haven't Found What I'm Looking For,U2,U218 Singles,clickrow,clickrow,FALSE,FALSE
57ZXcBtCZXSg9TVV5xRdnR,2013-07-09 00:56:20,web player,194533,Vertigo,U2,How To Dismantle An Atomic Bomb,clickrow,unknown,FALSE,FALSE
1TPkX0DobdBkKRUCuALdIJ,2013-07-09 00:56:28,web player,5996,Sweetest Thing - The Single Mix,U2,U218 Singles,trackdone,clickrow,FALSE,FALSE
49Nm3tdtTOZ0nwGDGcqK5w,2013-07-09 01:01:08,web player,277341,I Still Haven't Found What I'm Looking For,U2,U218 Singles,clickrow,unknown,FALSE,FALSE
5t514bZ4eZPtKJbKfuZJCA,2013-07-09 01:04:30,web player,198388,Beautiful Day,U2,The Best Of 1990-2000,trackdone,reload,FALSE,FALSE
7oK9VyNzrYvRFo7nQEYkWN,2013-07-09 01:05:30,web player,638,Mr. Brightside,The Killers,Hot Fuss,clickrow,nextbtn,FALSE,FALSE
7HGTkn2aX7MNdKs7nV2xBt,2013-07-09 01:06:58,web player,86897,Somebody Told Me,The Killers,Hot Fuss,nextbtn,clickrow,FALSE,FALSE
1ytTeSRAU6IRo2itVDwtPv,2013-07-09 01:08:41,web player,101392,Creep,Radiohead,The Best Of,clickrow,nextbtn,FALSE,FALSE
4uBzDO9wmPEXBKhfwAlMFJ,2013-07-09 01:08:57,web player,14361,No Surprises,Radiohead,OK Computer,nextbtn,clickrow,FALSE,FALSE
7jSJLFKyGGXaqSE5QB69qf,2013-07-09 01:10:24,web player,85435,Breath Of Life,Florence + The Machine,Breath Of Life,clickrow,clickrow,FALSE,FALSE
0bXpmJyHHYPk6QBFj25bYF,2013-07-09 01:12:34,web player,127921,Intro,The xx,xx,clickrow,unknown,FALSE,FALSE
1zuKjpp4t7BS8JPKi6mkQr,2013-07-09 01:15:27,web player,171598,Angels,The xx,Coexist,trackdone,trackdone,FALSE,FALSE
6rxEjkoar48SssZePbtb2x,2013-07-09 01:15:50,web player,20402,Crystalised,The xx,xx,trackdone,clickrow,FALSE,FALSE
3vjQt1znaFEnX3PBXsgtVc,2013-07-09 01:19:08,web player,196702,Next To Me,Emeli Sandé,Our Version Of Events,clickrow,unknown,FALSE,FALSE
4rHZZAmHpZrA3iH5zx8frV,2013-07-09 01:26:27,web player,436965,Mirrors,Justin Timberlake,The 20/20 Experience (Deluxe Version),clickrow,nextbtn,FALSE,FALSE
3vjQt1znaFEnX3PBXsgtVc,2013-07-09 01:26:29,web player,431,Next To Me,Emeli Sandé,Our Version Of Events,nextbtn,nextbtn,FALSE,FALSE
2GAljG6WxV0XU7N88TWhb1,2013-07-09 01:30:49,web player,257591,Paper Doll,John Mayer,Paper Doll,nextbtn,unknown,FALSE,FALSE
50VNvhzyaSplJCKWchN7a8,2013-07-09 01:34:20,web player,209423,Impossible,James Arthur,Impossible,trackdone,trackdone,FALSE,FALSE
49h0RYK3yzWkfbVyNJjJ01,2013-07-09 01:36:56,web player,154347,Do I Wanna Know?,Arctic Monkeys,Do I Wanna Know?,trackdone,nextbtn,FALSE,FALSE
49Nm3tdtTOZ0nwGDGcqK5w,2013-07-09 01:37:01,web player,0,I Still Haven't Found What I'm Looking For,U2,U218 Singles,nextbtn,nextbtn,FALSE,FALSE
7jSJLFKyGGXaqSE5QB69qf,2013-07-09 01:37:02,web player,0,Breath Of Life,Florence + The Machine,Breath Of Life,nextbtn,nextbtn,FALSE,FALSE
4rHZZAmHpZrA3iH5zx8frV,2013-07-09 01:37:03,web player,0,Mirrors,Justin Timberlake,The 20/20 Experience (Deluxe Version),nextbtn,nextbtn,FALSE,FALSE
3vjQt1znaFEnX3PBXsgtVc,2013-07-10 05:11:47,web player,1826,Next To Me,Emeli Sandé,Our Version Of Events,nextbtn,reload,FALSE,FALSE
0EUSbTvyZfo9QOcxunL9Ro,2013-07-10 07:37:29,windows,345626,"In Your Atmosphere - Live at the Nokia Theatre, Los Angeles, CA - December 2007",John Mayer,Where the Light Is: John Mayer Live In Los Angeles,unknown,trackdone,FALSE,FALSE
2oq2dbjW3sxOY0BscMWd7Q,2013-07-10 08:28:05,windows,50952,I'll Be Alright,Passion Pit,Gossamer,unknown,unknown,FALSE,TRUE
1WETgXqmJ2NaziQhtav0pK,2013-07-10 08:30:32,windows,147536,Moth's Wings,Passion Pit,Manners,unknown,unknown,FALSE,TRUE
02omMoSwhnmDAzG2F6DFcv,2013-07-10 08:34:39,windows,245346,Let Me Hold You,Josh Krajcik,Josh Krajcik - EP,unknown,trackdone,FALSE,FALSE
7qUA9MGpAGuIAAuXn0l7ik,2013-07-10 08:49:19,windows,4643,One Thing She'll Never Know,Josh Krajcik,Josh Krajcik - EP,trackdone,unknown,FALSE,TRUE
